name	url
76.png	https://res.cloudinary.com/dgbmqarp0/image/upload/v1768718955/training_image/76.png
77.png	https://res.cloudinary.com/dgbmqarp0/image/upload/v1768718954/training_image/77.png
78.png	https://res.cloudinary.com/dgbmqarp0/image/upload/v1768718953/training_image/78.png
79.png	https://res.cloudinary.com/dgbmqarp0/image/upload/v1768718951/training_image/79.png
80.png	https://res.cloudinary.com/dgbmqarp0/image/upload/v1768718950/training_image/80.png
81.png	https://res.cloudinary.com/dgbmqarp0/image/upload/v1768718948/training_image/81.png
82.png	https://res.cloudinary.com/dgbmqarp0/image/upload/v1768718947/training_image/82.png
83.png	https://res.cloudinary.com/dgbmqarp0/image/upload/v1768718945/training_image/83.png
84.png	https://res.cloudinary.com/dgbmqarp0/image/upload/v1768718943/training_image/84.png
85.png	https://res.cloudinary.com/dgbmqarp0/image/upload/v1768718942/training_image/85.png
86.png	https://res.cloudinary.com/dgbmqarp0/image/upload/v1768718940/training_image/86.png
87.png	https://res.cloudinary.com/dgbmqarp0/image/upload/v1768718939/training_image/87.png
88.png	https://res.cloudinary.com/dgbmqarp0/image/upload/v1768718938/training_image/88.png
89.png	https://res.cloudinary.com/dgbmqarp0/image/upload/v1768718937/training_image/89.png
90.png	https://res.cloudinary.com/dgbmqarp0/image/upload/v1768718935/training_image/90.png
91.png	https://res.cloudinary.com/dgbmqarp0/image/upload/v1768718934/training_image/91.png
92.png	https://res.cloudinary.com/dgbmqarp0/image/upload/v1768718933/training_image/92.png
93.png	https://res.cloudinary.com/dgbmqarp0/image/upload/v1768718932/training_image/93.png
94.png	https://res.cloudinary.com/dgbmqarp0/image/upload/v1768718931/training_image/94.png
95.png	https://res.cloudinary.com/dgbmqarp0/image/upload/v1768718930/training_image/95.png
96.png	https://res.cloudinary.com/dgbmqarp0/image/upload/v1768718928/training_image/96.png
98.png	https://res.cloudinary.com/dgbmqarp0/image/upload/v1768718927/training_image/98.png
99.png	https://res.cloudinary.com/dgbmqarp0/image/upload/v1768718925/training_image/99.png
100.png	https://res.cloudinary.com/dgbmqarp0/image/upload/v1768718924/training_image/100.png
101.png	https://res.cloudinary.com/dgbmqarp0/image/upload/v1768718923/training_image/101.png
102.png	https://res.cloudinary.com/dgbmqarp0/image/upload/v1768718922/training_image/102.png
103.png	https://res.cloudinary.com/dgbmqarp0/image/upload/v1768718921/training_image/103.png
104.png	https://res.cloudinary.com/dgbmqarp0/image/upload/v1768718920/training_image/104.png
105.png	https://res.cloudinary.com/dgbmqarp0/image/upload/v1768718918/training_image/105.png
106.png	https://res.cloudinary.com/dgbmqarp0/image/upload/v1768718917/training_image/106.png
107.png	https://res.cloudinary.com/dgbmqarp0/image/upload/v1768718916/training_image/107.png
108.png	https://res.cloudinary.com/dgbmqarp0/image/upload/v1768718915/training_image/108.png
109.png	https://res.cloudinary.com/dgbmqarp0/image/upload/v1768718914/training_image/109.png
110.png	https://res.cloudinary.com/dgbmqarp0/image/upload/v1768718913/training_image/110.png
111.png	https://res.cloudinary.com/dgbmqarp0/image/upload/v1768718912/training_image/111.png
112.png	https://res.cloudinary.com/dgbmqarp0/image/upload/v1768718911/training_image/112.png
113.png	https://res.cloudinary.com/dgbmqarp0/image/upload/v1768718910/training_image/113.png
114.png	https://res.cloudinary.com/dgbmqarp0/image/upload/v1768718909/training_image/114.png
115.png	https://res.cloudinary.com/dgbmqarp0/image/upload/v1768718896/training_image/115.png
116.png	https://res.cloudinary.com/dgbmqarp0/image/upload/v1768718907/training_image/116.png
117.png	https://res.cloudinary.com/dgbmqarp0/image/upload/v1768718907/training_image/117.png
118.png	https://res.cloudinary.com/dgbmqarp0/image/upload/v1768718906/training_image/118.png
119.png	https://res.cloudinary.com/dgbmqarp0/image/upload/v1768718905/training_image/119.png
120.png	https://res.cloudinary.com/dgbmqarp0/image/upload/v1768718903/training_image/120.png
121.png	https://res.cloudinary.com/dgbmqarp0/image/upload/v1768718902/training_image/121.png
122.png	https://res.cloudinary.com/dgbmqarp0/image/upload/v1768718900/training_image/122.png
124.png	https://res.cloudinary.com/dgbmqarp0/image/upload/v1768718899/training_image/124.png
125.png	https://res.cloudinary.com/dgbmqarp0/image/upload/v1768718897/training_image/125.png
