name	url	status
01.png	https://res.cloudinary.com/dgbmqarp0/image/upload/v1768718517/training_image/01.png	ok
02.png	https://res.cloudinary.com/dgbmqarp0/image/upload/v1768718516/training_image/02.png	ok
03.png	https://res.cloudinary.com/dgbmqarp0/image/upload/v1768718515/training_image/03.png	ok
04.png	https://res.cloudinary.com/dgbmqarp0/image/upload/v1768718514/training_image/04.png	ok
05.png	https://res.cloudinary.com/dgbmqarp0/image/upload/v1768718512/training_image/05.png	ok
06.png	https://res.cloudinary.com/dgbmqarp0/image/upload/v1768718509/training_image/06.png	ok
07.png	https://res.cloudinary.com/dgbmqarp0/image/upload/v1768718509/training_image/07.png	ok
08.png	https://res.cloudinary.com/dgbmqarp0/image/upload/v1768718507/training_image/08.png	ok
09.png	https://res.cloudinary.com/dgbmqarp0/image/upload/v1768718506/training_image/09.png	ok
10.png	https://res.cloudinary.com/dgbmqarp0/image/upload/v1768718505/training_image/10.png	ok
11.png	https://res.cloudinary.com/dgbmqarp0/image/upload/v1768718504/training_image/11.png	ok
12.png	https://res.cloudinary.com/dgbmqarp0/image/upload/v1768718503/training_image/12.png	ok
13.png	https://res.cloudinary.com/dgbmqarp0/image/upload/v1768718502/training_image/13.png	ok
14.png	https://res.cloudinary.com/dgbmqarp0/image/upload/v1768718501/training_image/14.png	ok
15.png	https://res.cloudinary.com/dgbmqarp0/image/upload/v1768718499/training_image/15.png	ok
16.png	https://res.cloudinary.com/dgbmqarp0/image/upload/v1768718497/training_image/16.png	ok
17.png	https://res.cloudinary.com/dgbmqarp0/image/upload/v1768718496/training_image/17.png	ok
18.png	https://res.cloudinary.com/dgbmqarp0/image/upload/v1768718495/training_image/18.png	ok
19.png	https://res.cloudinary.com/dgbmqarp0/image/upload/v1768718493/training_image/19.png	ok
20.png	https://res.cloudinary.com/dgbmqarp0/image/upload/v1768718492/training_image/20.png	ok
21.png	https://res.cloudinary.com/dgbmqarp0/image/upload/v1768718491/training_image/21.png	ok
22.png	https://res.cloudinary.com/dgbmqarp0/image/upload/v1768718490/training_image/22.png	ok
23.png	https://res.cloudinary.com/dgbmqarp0/image/upload/v1768718489/training_image/23.png	ok
24.png	https://res.cloudinary.com/dgbmqarp0/image/upload/v1768718487/training_image/24.png	ok
25.png	https://res.cloudinary.com/dgbmqarp0/image/upload/v1768718486/training_image/25.png	ok
26.png	https://res.cloudinary.com/dgbmqarp0/image/upload/v1768718485/training_image/26.png	ok
27.png	https://res.cloudinary.com/dgbmqarp0/image/upload/v1768718484/training_image/27.png	ok
28.png	https://res.cloudinary.com/dgbmqarp0/image/upload/v1768718483/training_image/28.png	ok
29.png	https://res.cloudinary.com/dgbmqarp0/image/upload/v1768718482/training_image/29.png	ok
30.png	https://res.cloudinary.com/dgbmqarp0/image/upload/v1768718481/training_image/30.png	ok
31.png	https://res.cloudinary.com/dgbmqarp0/image/upload/v1768718480/training_image/31.png	ok
32.png	https://res.cloudinary.com/dgbmqarp0/image/upload/v1768718479/training_image/32.png	ok
33.png	https://res.cloudinary.com/dgbmqarp0/image/upload/v1768718477/training_image/33.png	ok
35.png	https://res.cloudinary.com/dgbmqarp0/image/upload/v1768718476/training_image/35.png	ok
34.png	https://res.cloudinary.com/dgbmqarp0/image/upload/v1768718475/training_image/34.png	ok
36.png	https://res.cloudinary.com/dgbmqarp0/image/upload/v1768718473/training_image/36.png	ok
37.png	https://res.cloudinary.com/dgbmqarp0/image/upload/v1768718473/training_image/37.png	ok
38.png	https://res.cloudinary.com/dgbmqarp0/image/upload/v1768718471/training_image/38.png	ok
40.png	https://res.cloudinary.com/dgbmqarp0/image/upload/v1768718469/training_image/40.png	ok
45.png	https://res.cloudinary.com/dgbmqarp0/image/upload/v1768718468/training_image/45.png	ok
44.png	https://res.cloudinary.com/dgbmqarp0/image/upload/v1768718467/training_image/44.png	ok
43.png	https://res.cloudinary.com/dgbmqarp0/image/upload/v1768718466/training_image/43.png	ok
41.png	https://res.cloudinary.com/dgbmqarp0/image/upload/v1768718465/training_image/41.png	ok
42.png	https://res.cloudinary.com/dgbmqarp0/image/upload/v1768718463/training_image/42.png	ok
46.png	https://res.cloudinary.com/dgbmqarp0/image/upload/v1768718462/training_image/46.png	ok
47.png	https://res.cloudinary.com/dgbmqarp0/image/upload/v1768718461/training_image/47.png	ok
48.png	https://res.cloudinary.com/dgbmqarp0/image/upload/v1768718460/training_image/48.png	ok
49.png	https://res.cloudinary.com/dgbmqarp0/image/upload/v1768718458/training_image/49.png	ok
50.png	https://res.cloudinary.com/dgbmqarp0/image/upload/v1768718457/training_image/50.png	ok
51.png	https://res.cloudinary.com/dgbmqarp0/image/upload/v1768718456/training_image/51.png	ok
52.png	https://res.cloudinary.com/dgbmqarp0/image/upload/v1768718454/training_image/52.png	ok
53.png	https://res.cloudinary.com/dgbmqarp0/image/upload/v1768718453/training_image/53.png	ok
54.png	https://res.cloudinary.com/dgbmqarp0/image/upload/v1768718451/training_image/54.png	ok
55.png	https://res.cloudinary.com/dgbmqarp0/image/upload/v1768718450/training_image/55.png	ok
56.png	https://res.cloudinary.com/dgbmqarp0/image/upload/v1768718449/training_image/56.png	ok
57.png	https://res.cloudinary.com/dgbmqarp0/image/upload/v1768718448/training_image/57.png	ok
58.png	https://res.cloudinary.com/dgbmqarp0/image/upload/v1768718446/training_image/58.png	ok
59.png	https://res.cloudinary.com/dgbmqarp0/image/upload/v1768718445/training_image/59.png	ok
60.png	https://res.cloudinary.com/dgbmqarp0/image/upload/v1768718443/training_image/60.png	ok
61.png	https://res.cloudinary.com/dgbmqarp0/image/upload/v1768718442/training_image/61.png	ok
62.png	https://res.cloudinary.com/dgbmqarp0/image/upload/v1768718441/training_image/62.png	ok
63.png	https://res.cloudinary.com/dgbmqarp0/image/upload/v1768718440/training_image/63.png	ok
64.png	https://res.cloudinary.com/dgbmqarp0/image/upload/v1768718438/training_image/64.png	ok
65.png	https://res.cloudinary.com/dgbmqarp0/image/upload/v1768718437/training_image/65.png	ok
66.png	https://res.cloudinary.com/dgbmqarp0/image/upload/v1768718436/training_image/66.png	ok
67.png	https://res.cloudinary.com/dgbmqarp0/image/upload/v1768718435/training_image/67.png	ok
68.png	https://res.cloudinary.com/dgbmqarp0/image/upload/v1768718434/training_image/68.png	ok
69.png	https://res.cloudinary.com/dgbmqarp0/image/upload/v1768718432/training_image/69.png	ok
70.png	https://res.cloudinary.com/dgbmqarp0/image/upload/v1768718431/training_image/70.png	ok
71.png	https://res.cloudinary.com/dgbmqarp0/image/upload/v1768718430/training_image/71.png	ok
72.png	https://res.cloudinary.com/dgbmqarp0/image/upload/v1768718429/training_image/72.png	ok
73.png	https://res.cloudinary.com/dgbmqarp0/image/upload/v1768718428/training_image/73.png	ok
74.png	https://res.cloudinary.com/dgbmqarp0/image/upload/v1768718427/training_image/74.png	ok
75.png	https://res.cloudinary.com/dgbmqarp0/image/upload/v1768718425/training_image/75.png	ok
