image23.png	https://res.cloudinary.com/dgbmqarp0/image/upload/v1768719366/training_image/image23.png
image24.png	https://res.cloudinary.com/dgbmqarp0/image/upload/v1768719369/training_image/image24.png
image26.png	https://res.cloudinary.com/dgbmqarp0/image/upload/v1768719370/training_image/image26.png
image28.png	https://res.cloudinary.com/dgbmqarp0/image/upload/v1768719372/training_image/image28.png
image68.png	https://res.cloudinary.com/dgbmqarp0/image/upload/v1768719375/training_image/image68.png
image70.png	https://res.cloudinary.com/dgbmqarp0/image/upload/v1768719377/training_image/image70.png
image75.png	https://res.cloudinary.com/dgbmqarp0/image/upload/v1768719380/training_image/image75.png
image74.png	https://res.cloudinary.com/dgbmqarp0/image/upload/v1768719383/training_image/image74.png
image73.png	https://res.cloudinary.com/dgbmqarp0/image/upload/v1768719386/training_image/image73.png
image72.png	https://res.cloudinary.com/dgbmqarp0/image/upload/v1768719390/training_image/image72.png
image71.png	https://res.cloudinary.com/dgbmqarp0/image/upload/v1768719393/training_image/image71.png
image69.png	https://res.cloudinary.com/dgbmqarp0/image/upload/v1768719396/training_image/image69.png
image67.png	https://res.cloudinary.com/dgbmqarp0/image/upload/v1768719399/training_image/image67.png
image66.png	https://res.cloudinary.com/dgbmqarp0/image/upload/v1768719402/training_image/image66.png
image65.png	https://res.cloudinary.com/dgbmqarp0/image/upload/v1768719405/training_image/image65.png
image64.png	https://res.cloudinary.com/dgbmqarp0/image/upload/v1768719408/training_image/image64.png
image63.png	https://res.cloudinary.com/dgbmqarp0/image/upload/v1768719410/training_image/image63.png
image62.png	https://res.cloudinary.com/dgbmqarp0/image/upload/v1768719413/training_image/image62.png
image61.png	https://res.cloudinary.com/dgbmqarp0/image/upload/v1768719415/training_image/image61.png
image60.png	https://res.cloudinary.com/dgbmqarp0/image/upload/v1768719689/training_image/image60.png
image59.png	https://res.cloudinary.com/dgbmqarp0/image/upload/v1768719691/training_image/image59.png
image58.png	https://res.cloudinary.com/dgbmqarp0/image/upload/v1768719694/training_image/image58.png
image57.png	https://res.cloudinary.com/dgbmqarp0/image/upload/v1768719696/training_image/image57.png
image56.png	https://res.cloudinary.com/dgbmqarp0/image/upload/v1768719699/training_image/image56.png
image55.png	https://res.cloudinary.com/dgbmqarp0/image/upload/v1768719702/training_image/image55.png
image54.png	https://res.cloudinary.com/dgbmqarp0/image/upload/v1768719706/training_image/image54.png
image53.png	https://res.cloudinary.com/dgbmqarp0/image/upload/v1768719708/training_image/image53.png
image52.png	https://res.cloudinary.com/dgbmqarp0/image/upload/v1768719710/training_image/image52.png
image51.png	https://res.cloudinary.com/dgbmqarp0/image/upload/v1768719712/training_image/image51.png
image50.png	https://res.cloudinary.com/dgbmqarp0/image/upload/v1768719714/training_image/image50.png
image49.png	https://res.cloudinary.com/dgbmqarp0/image/upload/v1768719716/training_image/image49.png
image48.png	https://res.cloudinary.com/dgbmqarp0/image/upload/v1768719718/training_image/image48.png
image47.png	https://res.cloudinary.com/dgbmqarp0/image/upload/v1768719720/training_image/image47.png
image46.png	https://res.cloudinary.com/dgbmqarp0/image/upload/v1768719723/training_image/image46.png
image45.png	https://res.cloudinary.com/dgbmqarp0/image/upload/v1768719725/training_image/image45.png
image44.png	https://res.cloudinary.com/dgbmqarp0/image/upload/v1768719728/training_image/image44.png
image43.png	https://res.cloudinary.com/dgbmqarp0/image/upload/v1768719730/training_image/image43.png
image42.png	https://res.cloudinary.com/dgbmqarp0/image/upload/v1768719733/training_image/image42.png
image41.png	https://res.cloudinary.com/dgbmqarp0/image/upload/v1768719737/training_image/image41.png
image40.png	https://res.cloudinary.com/dgbmqarp0/image/upload/v1768719745/training_image/image40.png
image39.png	https://res.cloudinary.com/dgbmqarp0/image/upload/v1768719754/training_image/image39.png
image38.png	https://res.cloudinary.com/dgbmqarp0/image/upload/v1768719757/training_image/image38.png
image37.png	https://res.cloudinary.com/dgbmqarp0/image/upload/v1768719760/training_image/image37.png
image36.png	https://res.cloudinary.com/dgbmqarp0/image/upload/v1768719763/training_image/image36.png
image35.png	https://res.cloudinary.com/dgbmqarp0/image/upload/v1768719765/training_image/image35.png
image34.png	https://res.cloudinary.com/dgbmqarp0/image/upload/v1768719768/training_image/image34.png
image33.png	https://res.cloudinary.com/dgbmqarp0/image/upload/v1768719771/training_image/image33.png
image32.png	https://res.cloudinary.com/dgbmqarp0/image/upload/v1768719774/training_image/image32.png
image31.png	https://res.cloudinary.com/dgbmqarp0/image/upload/v1768719778/training_image/image31.png
image30.png	https://res.cloudinary.com/dgbmqarp0/image/upload/v1768719788/training_image/image30.png
image29.png	https://res.cloudinary.com/dgbmqarp0/image/upload/v1768719795/training_image/image29.png
image27.png	https://res.cloudinary.com/dgbmqarp0/image/upload/v1768719798/training_image/image27.png
image25.png	https://res.cloudinary.com/dgbmqarp0/image/upload/v1768719806/training_image/image25.png
image22.png	https://res.cloudinary.com/dgbmqarp0/image/upload/v1768719809/training_image/image22.png
image21.png	https://res.cloudinary.com/dgbmqarp0/image/upload/v1768719811/training_image/image21.png
image20.png	https://res.cloudinary.com/dgbmqarp0/image/upload/v1768719814/training_image/image20.png
image19.png	https://res.cloudinary.com/dgbmqarp0/image/upload/v1768719816/training_image/image19.png
image18.png	https://res.cloudinary.com/dgbmqarp0/image/upload/v1768719824/training_image/image18.png
image17.png	https://res.cloudinary.com/dgbmqarp0/image/upload/v1768719836/training_image/image17.png
image16.png	https://res.cloudinary.com/dgbmqarp0/image/upload/v1768719849/training_image/image16.png
image15.png	https://res.cloudinary.com/dgbmqarp0/image/upload/v1768719852/training_image/image15.png
image14.png	https://res.cloudinary.com/dgbmqarp0/image/upload/v1768719858/training_image/image14.png
image13.png	https://res.cloudinary.com/dgbmqarp0/image/upload/v1768719861/training_image/image13.png
image12.png	https://res.cloudinary.com/dgbmqarp0/image/upload/v1768719869/training_image/image12.png
image11.png	https://res.cloudinary.com/dgbmqarp0/image/upload/v1768719872/training_image/image11.png
image10.png	https://res.cloudinary.com/dgbmqarp0/image/upload/v1768719875/training_image/image10.png
image9.png	https://res.cloudinary.com/dgbmqarp0/image/upload/v1768719878/training_image/image9.png
image8.png	https://res.cloudinary.com/dgbmqarp0/image/upload/v1768719885/training_image/image8.png
image7.png	https://res.cloudinary.com/dgbmqarp0/image/upload/v1768719889/training_image/image7.png
image6.png	https://res.cloudinary.com/dgbmqarp0/image/upload/v1768719898/training_image/image6.png
image5.png	https://res.cloudinary.com/dgbmqarp0/image/upload/v1768719901/training_image/image5.png
image4.png	https://res.cloudinary.com/dgbmqarp0/image/upload/v1768719906/training_image/image4.png
image3.png	https://res.cloudinary.com/dgbmqarp0/image/upload/v1768719908/training_image/image3.png
image2.png	https://res.cloudinary.com/dgbmqarp0/image/upload/v1768719910/training_image/image2.png
image1.png	https://res.cloudinary.com/dgbmqarp0/image/upload/v1768719913/training_image/image1.png
